<?xml version="1.0" encoding="ISO-8859-1" ?>
<!DOCTYPE tiles-definitions PUBLIC
       "-//Apache Software Foundation//DTD Tiles Configuration 3.0//EN"
       "http://tiles.apache.org/dtds/tiles-config_3_0.dtd">


<tiles-definitions>

	<definition name="welcome" template="/WEB-INF/jsp/welcome.jsp">
		<put-attribute name="title" value="Welcome Page" />
		<put-attribute name="header" value="/WEB-INF/tiles/header.jsp" />
		<put-attribute name="body" value="/WEB-INF/tiles/body.jsp" />
		<put-attribute name="footer" value="/WEB-INF/tiles/footer.jsp" />
	</definition>
	<definition name="contact" extends="welcome">
	
		<put-attribute name="body" value="/WEB-INF/tiles/contact.jsp" />
		
	</definition>

</tiles-definitions>